{
	"status": "valid",
	"contact": [
		"mailto:caddy@zerossl.com"
	],
	"termsOfServiceAgreed": true,
	"externalAccountBinding": {
		"protected": "eyJhbGciOiJIUzI1NiIsImtpZCI6Ino2MDVZOEVaWDE3WUY2SVVRX0FtUkEiLCJ1cmwiOiJodHRwczovL2FjbWUuemVyb3NzbC5jb20vdjIvRFY5MC9uZXdBY2NvdW50In0",
		"payload": "eyJjcnYiOiJQLTI1NiIsImt0eSI6IkVDIiwieCI6Im5GZkg0NE5TNXhTUnI3MTc0UkRHN3RMellkN3JLOTZvZk5XRWN1dHRrcGciLCJ5IjoiT05paUtzV3ZKSDVnZWRpNVY1VnZIa293SFN4RUdNQTJYa0ZYNm5WektyNCJ9",
		"signature": "wfV1AAPHBOv8figv4HUCpnGPmLhb-OhYCEsvFDluf2o"
	},
	"orders": "https://acme.zerossl.com/v2/DV90/account/z605Y8EZX17YF6IUQ_AmRA/orders",
	"location": "https://acme.zerossl.com/v2/DV90/account/z605Y8EZX17YF6IUQ_AmRA"
}